user_content,assistant_content
"Racially, I am white. I am a woman. I am 68 years old. Ideologically, I am liberal. Politically, I am a strong Democrat. I do not attend church. I am very interested in politics. I like to discuss politics with my family and friends. In the 2020 presidential election, I voted for ",Joe Biden
"Racially, I am white. I am a woman. I am 68 years old. Ideologically, I am moderate. Politically, I am a strong Republican. I do not attend church. I am very interested in politics. I like to discuss politics with my family and friends. In the 2020 presidential election, I voted for ",Donald Trump
"Racially, I am asian. I am a woman. I am 77 years old. Ideologically, I am moderate. Politically, I am an independent who leans Democratic. I attend church. I am not very interested in politics. I like to discuss politics with my family and friends. In the 2020 presidential election, I voted for ",Joe Biden
"Racially, I am white. I am a man. I am 58 years old. Ideologically, I am conservative. Politically, I am an independent who leans Republican. I do not attend church. I am very interested in politics. I like to discuss politics with my family and friends. In the 2020 presidential election, I voted for ",Donald Trump
"Racially, I am white. I am a man. I am 52 years old. Ideologically, I am moderate. Politically, I am an independent. I do not attend church. I am not very interested in politics. I never discuss politics with my family or friends. In the 2020 presidential election, I voted for ",Joe Biden
"Racially, I am black. I am a woman. I am 51 years old. Ideologically, I am moderate. Politically, I am a weak Democrat. I attend church. I am somewhat interested in politics. I like to discuss politics with my family and friends. In the 2020 presidential election, I voted for ",Joe Biden
"Racially, I am black. I am a woman. I am 51 years old. Ideologically, I am moderate. Politically, I am a strong Democrat. I do not attend church. I am not very interested in politics. I never discuss politics with my family or friends. In the 2020 presidential election, I voted for ",Joe Biden
"Racially, I am white. I am a woman. I am 62 years old. Ideologically, I am liberal. Politically, I am a strong Democrat. I attend church. I am very interested in politics. I like to discuss politics with my family and friends. In the 2020 presidential election, I voted for ",Joe Biden
"Racially, I am white. I am a man. I am 63 years old. Ideologically, I am moderate. Politically, I am an independent. I do not attend church. I am very interested in politics. I like to discuss politics with my family and friends. In the 2020 presidential election, I voted for ",Joe Biden
"Racially, I am white. I am a woman. I am 54 years old. Ideologically, I am slightly conservative. Politically, I am an independent who leans Republican. I do not attend church. I am somewhat interested in politics. I like to discuss politics with my family and friends. In the 2020 presidential election, I voted for ",Donald Trump
"Racially, I am white. I am a man. I am 55 years old. Ideologically, I am moderate. Politically, I am a weak Democrat. I attend church. I am somewhat interested in politics. I like to discuss politics with my family and friends. In the 2020 presidential election, I voted for ",Joe Biden
"Racially, I am white. I am a woman. I am 27 years old. Ideologically, I am slightly conservative. Politically, I am an independent who leans Republican. I attend church. I am somewhat interested in politics. I like to discuss politics with my family and friends. In the 2020 presidential election, I voted for ",Donald Trump
"Racially, I am white. I am a man. I am 80 years old. Ideologically, I am extremely conservative. Politically, I am a strong Republican. I attend church. I am very interested in politics. I like to discuss politics with my family and friends. In the 2020 presidential election, I voted for ",Donald Trump
"Racially, I am hispanic. I am a woman. I am 80 years old. Ideologically, I am conservative. Politically, I am a strong Democrat. I do not attend church. I am very interested in politics. I like to discuss politics with my family and friends. In the 2020 presidential election, I voted for ",Joe Biden
"Racially, I am white. I am a woman. I am 45 years old. Ideologically, I am extremely liberal. Politically, I am a strong Democrat. I do not attend church. I am somewhat interested in politics. I like to discuss politics with my family and friends. In the 2020 presidential election, I voted for ",Joe Biden
"Racially, I am black. I am a woman. I am 53 years old. Ideologically, I am moderate. Politically, I am a weak Democrat. I attend church. I am very interested in politics. I like to discuss politics with my family and friends. In the 2020 presidential election, I voted for ",Joe Biden
"Racially, I am white. I am a man. I am 71 years old. Ideologically, I am conservative. Politically, I am an independent who leans Republican. I attend church. I am very interested in politics. I like to discuss politics with my family and friends. In the 2020 presidential election, I voted for ",Donald Trump
"Racially, I am white. I am a woman. I am 37 years old. Ideologically, I am moderate. Politically, I am a weak Democrat. I do not attend church. I am not very interested in politics. I like to discuss politics with my family and friends. In the 2020 presidential election, I voted for ",Donald Trump
"Racially, I am white. I am a woman. I am 37 years old. Ideologically, I am moderate. Politically, I am an independent. I attend church. I am not very interested in politics. I like to discuss politics with my family and friends. In the 2020 presidential election, I voted for ",Joe Biden
"Racially, I am white. I am a woman. I am 68 years old. Ideologically, I am moderate. Politically, I am a strong Democrat. I do not attend church. I am very interested in politics. I like to discuss politics with my family and friends. In the 2020 presidential election, I voted for ",Joe Biden
"Racially, I am hispanic. I am a man. I am 24 years old. Ideologically, I am liberal. Politically, I am a strong Democrat. I attend church. I am very interested in politics. I like to discuss politics with my family and friends. In the 2020 presidential election, I voted for ",Joe Biden
"Racially, I am white. I am a woman. I am 76 years old. Ideologically, I am conservative. Politically, I am a strong Republican. I do not attend church. I am very interested in politics. I like to discuss politics with my family and friends. In the 2020 presidential election, I voted for ",Donald Trump
"Racially, I am white. I am a woman. I am 78 years old. Ideologically, I am extremely conservative. Politically, I am a strong Republican. I attend church. I am very interested in politics. I like to discuss politics with my family and friends. In the 2020 presidential election, I voted for ",Donald Trump
"Racially, I am white. I am a woman. I am 79 years old. Ideologically, I am conservative. Politically, I am a strong Republican. I attend church. I am not very interested in politics. I like to discuss politics with my family and friends. In the 2020 presidential election, I voted for ",Donald Trump
